,OrderID,Time_stamp_x,Type_x,V Sub,P Sub,P_ask_1 Sub,V_ask_1 Sub,P_bid_1 Sub,V_bid_1 Sub,P_ask_2 Sub,V_ask_2 Sub,P_bid_2 Sub,V_bid_2 Sub,P_ask_3 Sub,V_ask_3 Sub,P_bid_3 Sub,V_bid_3 Sub,P_ask_4 Sub,V_ask_4 Sub,P_bid_4 Sub,V_bid_4 Sub,P_ask_5 Sub,V_ask_5 Sub,P_bid_5 Sub,V_bid_5 Sub
0,21748178,34400.045403237,1.0,400.0,2239900.0,2239900.0,400.0,2236000.0,507.0,2240000.0,200.0,2235000.0,94.0,2240300.0,1.0,2234900.0,61.0,2242000.0,200.0,2233900.0,200.0,2242500.0,50.0,2232500.0,10.0
1,21866417,34406.544100237996,1.0,400.0,2239600.0,2239600.0,500.0,2236500.0,100.0,2240000.0,200.0,2236000.0,507.0,2242000.0,200.0,2235000.0,94.0,2242500.0,50.0,2234900.0,50.0,2242900.0,30.0,2233900.0,200.0
